path,todo_count
repo_scan.json,13811395
# 📋 Project Status Report.txt,624557
status_report.md,5008
status_report.py,10
htmlcov\status_report_py.html,10
__pycache__\status_report.cpython-311.pyc,4
broker\dhan_live.py,3
htmlcov\z_a44f0ac069e85531_test_status_report_py.html,3
tests\test_execution_flow.py,3
tests\test_status_report.py,3
tests\__pycache__\test_status_report.cpython-311-pytest-8.4.1.pyc,3
tests\__pycache__\test_status_report.cpython-311-pytest-8.4.2.pyc,3
tools\repo_scan.py,3
execution\live_broker.py,2
execution\policy.py,2
execution\__pycache__\live_broker.cpython-311.pyc,2
execution\__pycache__\policy.cpython-311.pyc,2
htmlcov\z_564e8e27056fed0e_live_broker_py.html,2
htmlcov\z_564e8e27056fed0e_policy_py.html,2
models\trainer.py,2
signal_engine\db_client.py,2
project_audit.py,1
execution\execution_orchestrator.py,1
execution\live_provider.py,1
execution\parent_module.py,1
execution\providers.py,1
htmlcov\z_870c8b05ae87daee_main_orchestrator_py.html,1
ingestion\dhan_ws.py,1
models\fill_model_v2.pkl,1
orchestrator\main_orchestrator.py,1
orchestrator\__pycache__\main_orchestrator.cpython-311.pyc,1
streamlit_app\utils\export_scheduler.py,1
tests\test_risk_dynamic_sl.py,1
tests\fixtures\broker_stub.py,1
tests\fixtures\__pycache__\broker_stub.cpython-311.pyc,1
tests\__pycache__\test_execution_flow.cpython-311-pytest-8.4.1.pyc,1
